{"FastFood": {"Monday": {"0": "349", "10": "235", "7": "118", "9": "81", "6": "78", "11": "66", "8": "21", "5": "19", "4": "4", "16": "3", "12": "2", "14": "1"}, "Tuesday": {"10": "306", "0": "238", "7": "121", "11": "86", "9": "86", "6": "85", "8": "21", "5": "19", "16": "4", "4": "4", "12": "3", "18": "1", "17": "1"}, "Wednesday": {"10": "315", "0": "238", "7": "119", "9": "88", "11": "84", "6": "78", "8": "23", "5": "19", "16": "4", "4": "4", "12": "2", "18": "1", "17": "1"}, "Thursday": {"10": "314", "0": "238", "7": "121", "11": "84", "6": "83", "9": "82", "8": "23", "5": "19", "16": "4", "4": "4", "12": "3", "18": "1", "17": "1"}, "Friday": {"10": "306", "0": "244", "7": "119", "9": "85", "11": "84", "6": "84", "8": "23", "5": "18", "16": "4", "12": "4", "4": "4", "22": "1", "18": "1", "17": "1"}, "Saturday": {"10": "303", "0": "248", "9": "92", "11": "84", "7": "84", "6": "76", "8": "54", "5": "16", "12": "6", "4": "3", "16": "2", "22": "1", "18": "1"}, "Sunday": {"10": "278", "0": "243", "7": "111", "9": "105", "11": "98", "6": "50", "8": "30", "5": "14", "12": "7", "4": "5", "17": "1", "16": "1", "15": "1", "14": "1"}}, "Nightlife": {"Monday": {"0": "361", "11": "194", "17": "91", "16": "49", "6": "42", "10": "40", "8": "28", "9": "27", "7": "27", "12": "16", "18": "14", "15": "12", "19": "7", "4": "5", "20": "4", "14": "2", "5": "2", "22": "2"}, "Tuesday": {"11": "256", "0": "244", "17": "114", "16": "65", "6": "43", "10": "41", "9": "32", "8": "29", "7": "28", "18": "20", "12": "19", "15": "10", "19": "8", "20": "6", "4": "5", "14": "3", "5": "2", "23": "1", "22": "1", "21": "1", "13": "1"}, "Wednesday": {"11": "257", "0": "245", "17": "122", "16": "68", "6": "43", "10": "42", "9": "31", "7": "28", "8": "28", "12": "20", "18": "20", "15": "12", "19": "9", "4": "5", "20": "4", "14": "4", "22": "3", "5": "2", "13": "1"}, "Thursday": {"11": "261", "0": "246", "17": "123", "16": "66", "6": "43", "10": "40", "9": "31", "7": "27", "8": "27", "12": "25", "18": "22", "15": "11", "19": "9", "14": "6", "22": "5", "20": "5", "4": "5", "13": "3", "5": "2", "21": "1", "2": "1", "1": "1", "23": "1"}, "Friday": {"11": "265", "0": "246", "17": "126", "16": "60", "6": "43", "9": "37", "10": "37", "7": "29", "8": "29", "12": "25", "18": "23", "15": "12", "19": "9", "22": "7", "14": "5", "4": "5", "20": "4", "13": "3", "5": "2", "21": "1", "1": "1", "23": "1"}, "Saturday": {"0": "247", "11": "228", "17": "131", "9": "55", "16": "51", "10": "50", "6": "42", "12": "31", "8": "30", "7": "30", "18": "23", "19": "9", "15": "7", "14": "7", "22": "7", "4": "5", "20": "4", "13": "3", "5": "2", "21": "1", "1": "1", "23": "1"}, "Sunday": {"0": "246", "11": "200", "17": "111", "10": "66", "9": "57", "16": "44", "6": "43", "7": "30", "8": "30", "12": "29", "18": "14", "15": "8", "19": "8", "14": "6", "20": "5", "4": "5", "13": "4", "22": "3", "5": "2", "21": "1", "1": "1"}}, "Bars": {"Monday": {"0": "466", "11": "331", "17": "114", "10": "81", "16": "58", "9": "49", "6": "45", "8": "45", "7": "38", "12": "32", "15": "16", "18": "14", "19": "7", "4": "6", "14": "3", "20": "3", "5": "3", "22": "2", "21": "1", "13": "1"}, "Tuesday": {"11": "433", "0": "247", "17": "147", "10": "89", "16": "75", "6": "60", "9": "57", "8": "54", "7": "47", "12": "41", "18": "22", "15": "14", "19": "7", "4": "7", "20": "6", "5": "5", "14": "4", "13": "2", "21": "2", "22": "1", "23": "1"}, "Wednesday": {"11": "435", "0": "247", "17": "149", "10": "91", "16": "77", "6": "61", "8": "57", "9": "56", "7": "45", "12": "40", "18": "24", "15": "16", "19": "8", "4": "7", "14": "5", "5": "5", "20": "4", "13": "2", "22": "2", "21": "1"}, "Thursday": {"11": "438", "0": "249", "17": "159", "10": "87", "16": "74", "6": "60", "9": "56", "8": "55", "7": "46", "12": "46", "18": "22", "15": "15", "19": "8", "14": "7", "4": "7", "22": "5", "20": "5", "5": "5", "13": "3", "21": "2", "2": "1", "1": "1", "23": "1"}, "Friday": {"11": "437", "0": "248", "17": "157", "10": "89", "16": "70", "9": "67", "6": "62", "8": "53", "7": "45", "12": "45", "18": "26", "15": "18", "19": "8", "4": "7", "22": "6", "14": "5", "5": "5", "13": "4", "20": "4", "21": "2", "1": "1", "23": "1"}, "Saturday": {"11": "399", "0": "249", "17": "161", "10": "103", "9": "85", "16": "63", "6": "52", "8": "52", "12": "51", "7": "48", "18": "25", "15": "12", "19": "9", "14": "7", "22": "6", "20": "5", "4": "5", "13": "4", "5": "4", "21": "2", "1": "1", "23": "1"}, "Sunday": {"11": "338", "0": "249", "17": "139", "10": "115", "9": "89", "12": "70", "16": "62", "6": "53", "7": "43", "8": "41", "18": "15", "15": "14", "14": "7", "19": "7", "13": "6", "4": "5", "20": "4", "5": "4", "22": "3", "21": "1", "1": "1"}}, "American(Traditional)": {"Monday": {"0": "331", "11": "133", "6": "91", "7": "71", "10": "70", "9": "35", "8": "33", "17": "26", "16": "24", "12": "10", "4": "8", "5": "4", "15": "3", "18": "2", "19": "1", "14": "1", "20": "1", "23": "1"}, "Tuesday": {"0": "234", "11": "175", "6": "96", "7": "83", "10": "82", "8": "47", "9": "39", "17": "29", "16": "29", "12": "10", "4": "9", "5": "4", "18": "3", "23": "3", "15": "2", "14": "2", "19": "1", "20": "1"}, "Wednesday": {"0": "234", "11": "174", "6": "94", "10": "88", "7": "80", "8": "45", "9": "42", "17": "36", "16": "28", "12": "11", "4": "9", "18": "4", "15": "4", "5": "4", "14": "3", "22": "1", "23": "1"}, "Thursday": {"0": "234", "11": "174", "6": "94", "10": "86", "7": "82", "8": "45", "9": "42", "17": "37", "16": "27", "12": "14", "4": "9", "18": "4", "5": "4", "15": "3", "14": "3", "2": "1", "19": "1", "22": "1", "23": "1"}, "Friday": {"0": "237", "11": "174", "6": "96", "10": "88", "7": "83", "8": "45", "9": "39", "17": "35", "16": "26", "12": "12", "4": "9", "15": "4", "18": "4", "5": "4", "14": "3", "22": "2", "19": "2", "21": "1", "23": "1"}, "Saturday": {"0": "242", "11": "151", "10": "96", "6": "90", "7": "84", "9": "46", "8": "45", "17": "36", "16": "22", "12": "15", "4": "9", "14": "4", "5": "4", "18": "3", "22": "2", "15": "2", "19": "2", "21": "1", "23": "1"}, "Sunday": {"0": "237", "11": "148", "10": "91", "7": "89", "6": "83", "8": "46", "9": "46", "17": "32", "16": "20", "12": "16", "4": "9", "5": "4", "18": "3", "14": "3", "15": "2", "22": "1", "13": "1", "2": "1", "23": "1"}}, "Mexican": {"Monday": {"0": "200", "10": "155", "9": "100", "11": "100", "7": "72", "8": "57", "6": "36", "16": "15", "17": "13", "12": "8", "5": "4", "15": "3", "18": "2", "4": "2", "14": "1", "19": "1", "22": "1"}, "Tuesday": {"10": "170", "0": "133", "11": "128", "9": "114", "7": "74", "8": "62", "6": "37", "16": "16", "17": "13", "12": "7", "18": "3", "5": "3", "15": "2", "4": "2", "14": "1", "13": "1", "19": "1", "22": "1"}, "Wednesday": {"10": "175", "0": "133", "11": "130", "9": "113", "7": "73", "8": "65", "6": "37", "16": "19", "17": "15", "12": "8", "18": "4", "5": "3", "15": "2", "4": "2", "14": "1", "19": "1", "22": "1"}, "Thursday": {"10": "179", "0": "134", "11": "131", "9": "110", "7": "75", "8": "62", "6": "37", "16": "19", "17": "18", "12": "9", "18": "4", "5": "4", "4": "3", "15": "2", "14": "1", "22": "1", "19": "1", "23": "1"}, "Friday": {"10": "179", "0": "136", "11": "128", "9": "114", "7": "74", "8": "66", "6": "36", "17": "17", "16": "17", "12": "11", "18": "5", "15": "3", "5": "3", "14": "2", "19": "2", "4": "2", "22": "1"}, "Saturday": {"10": "166", "0": "139", "9": "124", "11": "116", "7": "73", "8": "71", "6": "32", "16": "17", "17": "16", "12": "14", "18": "5", "15": "2", "14": "2", "19": "2", "4": "2", "5": "1", "22": "1"}, "Sunday": {"10": "144", "0": "137", "9": "120", "11": "108", "7": "73", "8": "64", "6": "25", "16": "16", "12": "16", "17": "14", "18": "3", "14": "2", "5": "2", "4": "2", "15": "1", "13": "1", "19": "1", "22": "1"}}, "Sandwiches": {"Monday": {"0": "223", "10": "147", "7": "102", "11": "94", "9": "53", "8": "50", "6": "49", "5": "14", "4": "5", "12": "3", "16": "2", "23": "1", "18": "1", "17": "1", "15": "1"}, "Tuesday": {"10": "198", "11": "127", "7": "114", "0": "92", "8": "62", "6": "62", "9": "55", "5": "15", "12": "5", "4": "5", "18": "3", "17": "2", "16": "2", "23": "1", "15": "1", "14": "1"}, "Wednesday": {"10": "196", "11": "131", "7": "113", "0": "91", "8": "65", "6": "64", "9": "54", "5": "15", "12": "7", "4": "5", "17": "3", "18": "2", "16": "2", "23": "1", "20": "1", "14": "1"}, "Thursday": {"10": "198", "11": "130", "7": "113", "0": "92", "6": "65", "8": "62", "9": "57", "5": "15", "12": "6", "4": "5", "17": "3", "18": "2", "16": "2", "23": "1", "14": "1"}, "Friday": {"10": "200", "11": "127", "7": "113", "0": "94", "6": "65", "8": "60", "9": "58", "5": "15", "12": "5", "4": "5", "17": "4", "18": "2", "16": "2", "14": "1"}, "Saturday": {"10": "206", "11": "128", "0": "94", "8": "90", "7": "66", "9": "61", "6": "54", "12": "10", "5": "8", "17": "6", "4": "6", "16": "3", "21": "1", "18": "1", "14": "1"}, "Sunday": {"10": "162", "11": "132", "0": "93", "9": "78", "7": "59", "8": "57", "6": "48", "12": "21", "5": "8", "4": "6", "16": "5", "17": "3", "14": "2", "15": "1", "13": "1", "2": "1", "23": "1"}}, "Breakfast&Brunch": {"Monday": {"0": "292", "7": "123", "6": "85", "8": "40", "11": "31", "10": "29", "9": "18", "17": "10", "5": "9", "16": "7", "4": "7", "12": "3", "23": "1"}, "Tuesday": {"0": "190", "7": "148", "6": "96", "8": "66", "11": "53", "10": "33", "9": "29", "5": "11", "17": "9", "16": "8", "4": "7", "12": "3", "23": "1", "18": "1", "14": "1"}, "Wednesday": {"0": "190", "7": "146", "6": "98", "8": "69", "11": "49", "10": "34", "9": "29", "17": "13", "5": "11", "16": "9", "4": "7", "12": "2", "23": "1", "22": "1", "15": "1", "14": "1"}, "Thursday": {"0": "190", "7": "148", "6": "97", "8": "73", "11": "55", "10": "32", "9": "26", "17": "12", "5": "11", "16": "8", "4": "7", "12": "2", "23": "1", "14": "1"}, "Friday": {"0": "191", "7": "150", "6": "96", "8": "64", "11": "51", "9": "35", "10": "32", "17": "13", "5": "11", "16": "8", "4": "7", "12": "2", "22": "1", "15": "1"}, "Saturday": {"0": "195", "7": "141", "6": "85", "8": "67", "9": "46", "11": "40", "10": "40", "17": "11", "4": "8", "16": "7", "12": "4", "5": "3", "22": "1", "18": "1", "15": "1"}, "Sunday": {"0": "195", "7": "131", "6": "80", "8": "63", "9": "45", "10": "44", "11": "30", "17": "8", "16": "8", "4": "8", "12": "4", "15": "3", "5": "3", "23": "1", "2": "1"}}, "Burgers": {"Monday": {"0": "262", "11": "104", "6": "89", "10": "72", "9": "41", "7": "31", "8": "15", "5": "15", "16": "6", "12": "4", "4": "4", "17": "3", "20": "1", "19": "1", "15": "1"}, "Tuesday": {"0": "190", "11": "125", "10": "102", "6": "95", "9": "43", "7": "37", "8": "20", "5": "15", "16": "7", "4": "4", "17": "3", "18": "2", "14": "2", "12": "2", "23": "1", "19": "1"}, "Wednesday": {"0": "189", "11": "122", "10": "110", "6": "91", "9": "46", "7": "34", "8": "20", "5": "15", "16": "8", "12": "5", "17": "4", "4": "4", "14": "2", "19": "1", "18": "1", "15": "1"}, "Thursday": {"0": "190", "11": "125", "10": "106", "6": "94", "9": "46", "7": "37", "8": "19", "5": "15", "16": "8", "17": "5", "4": "4", "12": "3", "18": "2", "14": "2", "15": "1"}, "Friday": {"0": "193", "11": "125", "10": "105", "6": "95", "9": "45", "7": "34", "8": "19", "5": "15", "16": "8", "17": "5", "12": "4", "4": "4", "14": "2", "18": "1", "15": "1", "19": "1", "23": "1"}, "Saturday": {"0": "196", "11": "115", "10": "105", "6": "89", "9": "52", "7": "35", "8": "24", "5": "14", "16": "6", "17": "5", "12": "5", "4": "3", "14": "2", "23": "1", "18": "1", "15": "1"}, "Sunday": {"0": "192", "11": "116", "10": "96", "7": "65", "6": "64", "9": "49", "8": "23", "5": "12", "12": "9", "4": "5", "16": "4", "17": "3", "13": "2", "21": "1", "15": "1", "14": "1"}}, "Pizza": {"Monday": {"11": "222", "10": "184", "0": "164", "9": "19", "16": "13", "8": "7", "7": "7", "17": "6", "6": "6", "12": "5", "15": "2", "13": "2", "14": "1", "5": "1", "4": "1"}, "Tuesday": {"11": "292", "10": "202", "0": "62", "9": "24", "16": "15", "8": "9", "12": "8", "6": "8", "7": "7", "17": "6", "14": "4", "13": "3", "18": "2", "15": "2", "5": "1", "4": "1"}, "Wednesday": {"11": "295", "10": "207", "0": "62", "9": "25", "16": "15", "8": "9", "6": "9", "12": "8", "7": "7", "14": "5", "17": "4", "13": "2", "18": "1", "15": "1", "5": "1", "4": "1"}, "Thursday": {"11": "293", "10": "206", "0": "62", "9": "26", "16": "15", "8": "9", "6": "9", "12": "8", "7": "7", "17": "6", "14": "6", "13": "2", "18": "1", "15": "1", "5": "1", "4": "1"}, "Friday": {"11": "289", "10": "207", "0": "62", "9": "27", "16": "15", "8": "10", "7": "8", "6": "8", "17": "7", "12": "7", "14": "4", "15": "3", "18": "2", "13": "2", "5": "1"}, "Saturday": {"11": "273", "10": "213", "0": "63", "9": "28", "12": "13", "16": "11", "6": "8", "17": "7", "7": "7", "14": "6", "8": "6", "15": "2", "13": "2", "20": "1", "18": "1", "19": "1", "1": "1", "21": "1"}, "Sunday": {"11": "240", "10": "191", "0": "63", "12": "45", "9": "21", "16": "11", "6": "10", "17": "8", "14": "7", "7": "6", "13": "5", "8": "5", "22": "1", "20": "1", "18": "1", "15": "1"}}, "American(New)": {"Monday": {"0": "196", "11": "132", "10": "50", "7": "49", "6": "44", "17": "42", "8": "26", "9": "22", "16": "19", "15": "6", "12": "5", "18": "4", "5": "2", "4": "2", "20": "1"}, "Tuesday": {"11": "164", "0": "110", "10": "62", "7": "57", "17": "55", "6": "48", "8": "31", "9": "26", "16": "21", "12": "11", "18": "7", "15": "6", "4": "3", "14": "2", "20": "2", "5": "2", "13": "1", "23": "1"}, "Wednesday": {"11": "162", "0": "110", "10": "63", "17": "60", "7": "58", "6": "48", "8": "35", "9": "27", "16": "23", "12": "10", "15": "8", "18": "6", "4": "3", "14": "2", "5": "2", "13": "1", "19": "1", "20": "1"}, "Thursday": {"11": "164", "0": "110", "17": "62", "10": "61", "7": "58", "6": "49", "8": "35", "9": "26", "16": "23", "12": "11", "18": "7", "15": "6", "14": "3", "4": "3", "13": "2", "5": "2", "20": "2", "19": "1"}, "Friday": {"11": "164", "0": "111", "17": "62", "10": "59", "7": "59", "6": "49", "8": "35", "9": "33", "16": "20", "12": "12", "18": "9", "15": "7", "4": "3", "5": "2", "19": "1", "14": "1", "20": "1", "23": "1"}, "Saturday": {"11": "138", "0": "115", "10": "71", "17": "62", "7": "55", "9": "48", "6": "44", "8": "31", "16": "19", "12": "14", "18": "9", "5": "3", "15": "2", "4": "2", "19": "1", "14": "1", "20": "1", "23": "1"}, "Sunday": {"11": "118", "0": "112", "10": "70", "17": "53", "7": "53", "9": "44", "6": "43", "8": "28", "16": "18", "12": "17", "18": "6", "15": "5", "5": "3", "4": "2", "14": "1", "13": "1", "19": "1", "20": "1"}}, "Chinese": {"Monday": {"11": "211", "10": "102", "0": "33", "17": "28", "9": "27", "8": "8", "7": "6", "12": "5", "16": "3", "18": "2", "6": "2", "14": "1"}, "Tuesday": {"11": "240", "10": "102", "9": "28", "17": "26", "0": "9", "8": "8", "7": "5", "12": "4", "18": "3", "16": "3", "6": "2", "15": "1", "14": "1"}, "Wednesday": {"11": "242", "10": "103", "17": "31", "9": "27", "0": "9", "8": "8", "12": "7", "7": "5", "18": "3", "16": "2", "6": "2", "15": "1", "14": "1"}, "Thursday": {"11": "240", "10": "102", "17": "33", "9": "28", "0": "9", "12": "8", "8": "7", "7": "5", "18": "3", "16": "2", "6": "2", "22": "1", "15": "1", "14": "1"}, "Friday": {"11": "239", "10": "101", "17": "32", "9": "29", "12": "9", "0": "9", "8": "8", "7": "5", "18": "3", "22": "2", "16": "2", "6": "2", "15": "1", "14": "1"}, "Saturday": {"11": "227", "10": "100", "17": "31", "9": "28", "12": "19", "0": "9", "8": "8", "7": "6", "18": "3", "16": "3", "22": "2", "6": "2", "14": "1"}, "Sunday": {"11": "194", "10": "99", "17": "31", "12": "30", "9": "21", "0": "9", "8": "6", "7": "6", "16": "4", "14": "3", "13": "3", "18": "2", "6": "2", "22": "1", "15": "1"}}}