{"FastFood": {"Monday": {"0": "438", "22": "218", "21": "105", "23": "72", "1": "43", "2": "34", "20": "21", "3": "13", "19": "12", "18": "4", "5": "3", "4": "3", "17": "2", "16": "2", "9": "2", "15": "1", "14": "1", "10": "1", "7": "1", "12": "1"}, "Tuesday": {"0": "326", "22": "256", "21": "125", "23": "79", "1": "57", "2": "34", "20": "29", "18": "21", "19": "14", "3": "13", "16": "4", "4": "4", "15": "3", "5": "3", "9": "2", "17": "1", "14": "1", "10": "1", "7": "1", "12": "1"}, "Wednesday": {"0": "330", "22": "260", "21": "138", "23": "79", "1": "57", "2": "33", "20": "26", "19": "15", "3": "13", "18": "8", "4": "4", "16": "3", "5": "3", "9": "2", "17": "1", "15": "1", "12": "1", "7": "1", "14": "1"}, "Thursday": {"0": "327", "22": "249", "21": "135", "23": "73", "1": "58", "2": "35", "20": "27", "17": "20", "19": "15", "3": "10", "18": "8", "4": "7", "5": "3", "16": "2", "14": "2", "9": "2", "15": "1", "7": "1", "6": "1", "12": "1"}, "Friday": {"0": "339", "22": "203", "23": "118", "21": "113", "1": "65", "2": "39", "3": "30", "20": "22", "4": "14", "19": "13", "18": "6", "5": "3", "15": "3", "9": "2", "14": "2", "16": "2", "6": "1", "7": "1", "17": "1", "12": "1"}, "Saturday": {"0": "340", "22": "201", "23": "119", "21": "109", "1": "65", "2": "37", "3": "30", "20": "23", "4": "13", "19": "12", "18": "8", "5": "3", "9": "2", "16": "2", "6": "1", "7": "1", "14": "1", "15": "1", "17": "1", "12": "1"}, "Sunday": {"0": "325", "22": "244", "21": "100", "23": "76", "1": "62", "20": "33", "2": "33", "19": "17", "18": "17", "3": "14", "16": "6", "17": "5", "5": "4", "4": "4", "9": "2", "14": "1", "7": "1", "12": "1"}}, "Nightlife": {"Monday": {"0": "436", "22": "159", "23": "93", "21": "52", "2": "42", "6": "35", "3": "22", "5": "16", "1": "15", "4": "13", "20": "6", "9": "6", "18": "6", "19": "4", "14": "4", "15": "3", "16": "3", "8": "2", "12": "2", "11": "1", "7": "1", "13": "1", "17": "1"}, "Tuesday": {"0": "331", "22": "204", "23": "102", "21": "70", "2": "50", "6": "34", "3": "28", "4": "22", "1": "21", "5": "19", "20": "12", "18": "7", "9": "6", "19": "6", "15": "5", "14": "3", "16": "3", "8": "2", "7": "1", "13": "1", "17": "1", "12": "1"}, "Wednesday": {"0": "330", "22": "211", "23": "104", "21": "76", "2": "45", "6": "36", "3": "33", "1": "23", "4": "23", "5": "20", "20": "11", "9": "6", "19": "5", "16": "5", "18": "4", "14": "3", "15": "3", "8": "2", "7": "1", "13": "1", "17": "1", "12": "1"}, "Thursday": {"0": "335", "22": "207", "23": "103", "21": "73", "2": "56", "6": "36", "3": "30", "4": "23", "5": "23", "1": "22", "20": "16", "18": "7", "9": "6", "19": "6", "14": "4", "15": "4", "8": "3", "16": "3", "7": "1", "13": "1", "17": "1", "12": "1"}, "Friday": {"0": "353", "22": "144", "23": "125", "2": "71", "1": "48", "4": "44", "3": "43", "21": "40", "6": "38", "5": "24", "20": "8", "9": "7", "19": "5", "18": "4", "8": "3", "14": "3", "15": "3", "7": "2", "16": "2", "12": "2", "17": "1"}, "Saturday": {"0": "352", "22": "139", "23": "125", "2": "74", "1": "47", "4": "45", "3": "43", "21": "40", "6": "38", "5": "24", "20": "7", "9": "7", "7": "3", "8": "3", "14": "3", "16": "3", "17": "3", "18": "3", "19": "2", "15": "2", "12": "2"}, "Sunday": {"0": "333", "22": "179", "23": "87", "21": "71", "2": "53", "6": "38", "3": "29", "4": "24", "1": "22", "5": "19", "20": "14", "15": "7", "9": "6", "14": "5", "16": "5", "17": "5", "18": "5", "19": "3", "8": "3", "7": "2", "11": "1", "13": "1", "12": "1"}}, "Bars": {"Monday": {"0": "549", "22": "256", "23": "149", "21": "110", "2": "56", "6": "33", "3": "27", "1": "25", "20": "22", "19": "14", "4": "13", "18": "11", "5": "11", "16": "9", "15": "9", "9": "5", "14": "5", "17": "4", "8": "2", "12": "2", "7": "1", "11": "1", "13": "1"}, "Tuesday": {"0": "345", "22": "332", "23": "164", "21": "148", "2": "72", "20": "41", "1": "34", "3": "33", "6": "32", "4": "21", "19": "19", "18": "17", "5": "14", "15": "13", "16": "11", "17": "10", "9": "5", "14": "5", "8": "2", "7": "1", "13": "1", "12": "1"}, "Wednesday": {"0": "344", "22": "334", "23": "170", "21": "154", "2": "69", "20": "42", "3": "37", "1": "34", "6": "34", "4": "22", "19": "18", "5": "15", "15": "15", "18": "12", "16": "12", "17": "6", "9": "5", "14": "4", "8": "2", "7": "1", "13": "1", "12": "1"}, "Thursday": {"0": "352", "22": "334", "23": "164", "21": "153", "2": "78", "20": "41", "1": "35", "3": "35", "6": "34", "4": "22", "19": "21", "5": "18", "18": "17", "15": "12", "16": "10", "17": "8", "14": "6", "9": "5", "8": "3", "13": "2", "7": "1", "12": "1"}, "Friday": {"0": "386", "22": "239", "23": "219", "2": "100", "21": "100", "1": "64", "3": "48", "4": "40", "6": "37", "20": "34", "19": "18", "5": "18", "15": "14", "18": "12", "16": "8", "9": "6", "17": "6", "8": "3", "14": "3", "7": "2", "12": "2", "13": "1"}, "Saturday": {"0": "382", "22": "230", "23": "222", "2": "104", "21": "95", "1": "62", "3": "48", "4": "41", "6": "37", "20": "32", "5": "18", "19": "17", "18": "13", "17": "9", "16": "8", "15": "7", "9": "6", "14": "5", "8": "3", "7": "3", "12": "2"}, "Sunday": {"0": "349", "22": "280", "23": "152", "21": "138", "2": "73", "6": "37", "3": "35", "1": "32", "19": "27", "20": "25", "4": "23", "18": "17", "16": "16", "17": "15", "15": "15", "5": "13", "14": "6", "9": "5", "8": "3", "7": "2", "11": "1", "13": "1", "12": "1"}}, "American(Traditional)": {"Monday": {"0": "393", "22": "123", "23": "75", "21": "56", "15": "27", "2": "27", "20": "25", "6": "24", "14": "21", "1": "20", "3": "12", "16": "9", "5": "8", "18": "5", "13": "4", "4": "4", "9": "3", "19": "3", "17": "3", "7": "1", "8": "1", "11": "1"}, "Tuesday": {"0": "299", "22": "153", "23": "74", "21": "72", "15": "41", "20": "37", "1": "28", "2": "27", "14": "26", "6": "24", "16": "12", "3": "11", "18": "10", "5": "8", "4": "7", "19": "6", "17": "5", "9": "3", "13": "3", "7": "1", "8": "1", "12": "1"}, "Wednesday": {"0": "303", "22": "159", "23": "81", "21": "77", "15": "39", "20": "33", "2": "26", "6": "25", "1": "24", "14": "23", "3": "11", "16": "10", "18": "9", "19": "8", "5": "8", "17": "7", "4": "6", "9": "3", "13": "3", "7": "1", "8": "1", "12": "1"}, "Thursday": {"0": "299", "22": "153", "23": "84", "21": "77", "20": "38", "15": "38", "2": "29", "1": "25", "6": "24", "14": "22", "3": "12", "18": "12", "5": "10", "16": "9", "17": "7", "19": "7", "4": "6", "13": "5", "9": "3", "7": "1", "8": "1"}, "Friday": {"0": "324", "22": "110", "23": "100", "21": "55", "2": "43", "1": "41", "15": "37", "6": "26", "20": "23", "14": "20", "3": "19", "4": "15", "18": "10", "16": "10", "19": "8", "5": "8", "17": "5", "13": "4", "9": "3", "7": "2", "8": "1", "12": "1"}, "Saturday": {"0": "324", "22": "109", "23": "99", "21": "57", "2": "45", "15": "42", "1": "40", "6": "25", "20": "20", "3": "18", "14": "16", "4": "16", "18": "8", "16": "8", "5": "8", "19": "6", "9": "3", "7": "3", "17": "3", "12": "2", "8": "1", "11": "1", "13": "1"}, "Sunday": {"0": "302", "22": "158", "23": "72", "21": "58", "15": "48", "2": "30", "20": "28", "6": "25", "1": "22", "14": "19", "3": "12", "19": "11", "18": "10", "16": "10", "5": "8", "4": "6", "17": "5", "13": "3", "9": "3", "7": "2", "8": "1"}}, "Mexican": {"Monday": {"0": "235", "22": "143", "21": "135", "23": "67", "20": "65", "2": "34", "19": "14", "18": "13", "1": "11", "3": "9", "17": "8", "16": "6", "15": "6", "9": "6", "5": "6", "6": "4", "14": "3", "4": "3", "10": "1", "12": "1"}, "Tuesday": {"0": "171", "22": "160", "21": "159", "23": "70", "20": "67", "2": "36", "19": "27", "18": "12", "17": "11", "15": "8", "3": "8", "1": "8", "14": "6", "9": "6", "6": "5", "16": "4", "5": "4", "4": "4", "10": "1", "12": "1"}, "Wednesday": {"21": "170", "0": "169", "22": "167", "23": "71", "20": "68", "2": "34", "19": "22", "1": "14", "18": "11", "3": "10", "17": "9", "15": "7", "16": "6", "9": "6", "5": "5", "6": "4", "4": "4", "14": "3", "10": "1", "12": "1"}, "Thursday": {"0": "174", "21": "159", "22": "150", "20": "68", "23": "64", "2": "35", "17": "32", "19": "20", "1": "17", "18": "14", "16": "12", "3": "9", "15": "8", "9": "6", "4": "6", "6": "5", "5": "5", "14": "3", "10": "1", "11": "1", "13": "1", "12": "1"}, "Friday": {"0": "187", "22": "161", "21": "117", "23": "91", "20": "58", "2": "33", "3": "27", "1": "26", "19": "18", "4": "16", "18": "13", "17": "9", "15": "9", "5": "7", "16": "6", "9": "6", "6": "5", "14": "5", "12": "2"}, "Saturday": {"0": "187", "22": "161", "21": "113", "23": "91", "20": "56", "2": "34", "3": "26", "1": "23", "19": "18", "4": "18", "18": "13", "17": "9", "5": "7", "16": "6", "9": "6", "6": "5", "14": "4", "15": "3", "12": "2", "13": "1"}, "Sunday": {"0": "169", "22": "140", "21": "117", "23": "72", "20": "57", "2": "32", "18": "22", "19": "20", "17": "20", "1": "17", "16": "14", "3": "10", "15": "7", "14": "7", "5": "7", "9": "6", "6": "5", "4": "5", "12": "2", "11": "1"}}, "Sandwiches": {"Monday": {"0": "284", "21": "115", "22": "93", "20": "64", "23": "53", "19": "21", "18": "18", "15": "17", "17": "14", "16": "14", "2": "13", "3": "11", "14": "9", "1": "6", "6": "4", "5": "3", "4": "2", "13": "2", "10": "1", "9": "1", "8": "1"}, "Tuesday": {"0": "155", "21": "146", "22": "117", "20": "73", "23": "59", "18": "38", "15": "28", "19": "26", "17": "21", "2": "19", "16": "17", "14": "13", "3": "12", "1": "7", "6": "4", "5": "3", "4": "2", "13": "2", "10": "1", "9": "1", "8": "1"}, "Wednesday": {"21": "160", "0": "154", "22": "125", "20": "75", "23": "64", "15": "25", "19": "25", "17": "23", "18": "21", "2": "19", "16": "15", "3": "13", "14": "11", "1": "6", "6": "5", "5": "3", "4": "3", "13": "2", "9": "1", "8": "1"}, "Thursday": {"21": "160", "0": "153", "22": "124", "20": "77", "23": "59", "19": "28", "15": "26", "18": "25", "2": "21", "17": "20", "16": "15", "3": "12", "1": "9", "14": "8", "6": "5", "13": "3", "5": "3", "4": "3", "8": "1"}, "Friday": {"21": "143", "0": "138", "22": "115", "23": "70", "20": "66", "1": "41", "2": "27", "19": "26", "15": "25", "17": "23", "18": "21", "3": "15", "16": "14", "14": "10", "6": "6", "4": "5", "5": "3", "13": "2", "8": "1"}, "Saturday": {"21": "144", "0": "135", "22": "115", "23": "68", "20": "55", "1": "38", "2": "29", "19": "26", "18": "23", "16": "20", "15": "19", "3": "16", "17": "15", "14": "13", "4": "7", "6": "6", "5": "3", "13": "2", "8": "1"}, "Sunday": {"0": "147", "21": "124", "22": "104", "23": "53", "19": "44", "20": "41", "18": "39", "15": "27", "17": "22", "2": "17", "3": "14", "16": "13", "14": "12", "1": "9", "6": "5", "5": "3", "4": "2", "13": "1", "8": "1"}}, "Breakfast&Brunch": {"Monday": {"0": "312", "22": "65", "15": "49", "21": "46", "23": "38", "14": "36", "20": "26", "16": "17", "17": "15", "18": "11", "3": "7", "19": "6", "2": "6", "13": "6", "1": "5", "12": "2", "9": "2", "6": "2", "5": "2", "11": "1", "4": "1"}, "Tuesday": {"0": "212", "22": "82", "15": "69", "21": "60", "14": "45", "20": "41", "23": "37", "17": "21", "16": "20", "19": "18", "18": "13", "2": "11", "3": "6", "1": "6", "13": "6", "9": "2", "6": "2", "5": "2", "12": "1", "11": "1", "4": "1"}, "Wednesday": {"0": "211", "22": "88", "15": "70", "21": "62", "14": "41", "23": "41", "20": "34", "17": "23", "16": "22", "19": "17", "18": "14", "2": "11", "3": "7", "13": "6", "1": "5", "9": "2", "6": "2", "5": "2", "12": "1", "11": "1", "4": "1"}, "Thursday": {"0": "212", "22": "76", "15": "65", "21": "63", "20": "44", "23": "43", "14": "39", "16": "27", "17": "21", "19": "18", "18": "15", "2": "9", "13": "9", "3": "7", "1": "5", "12": "2", "9": "2", "6": "2", "5": "2", "11": "1", "4": "1"}, "Friday": {"0": "230", "22": "82", "15": "64", "21": "55", "23": "42", "14": "39", "20": "30", "17": "19", "16": "19", "19": "17", "2": "13", "18": "12", "3": "11", "1": "10", "13": "7", "4": "3", "12": "2", "9": "2", "6": "2", "5": "2", "11": "1"}, "Saturday": {"0": "229", "22": "79", "15": "72", "21": "55", "23": "42", "20": "30", "14": "28", "16": "21", "2": "14", "18": "13", "1": "12", "17": "11", "19": "11", "3": "9", "13": "8", "12": "5", "4": "4", "9": "2", "6": "2", "5": "2", "11": "1"}, "Sunday": {"0": "212", "15": "84", "22": "78", "21": "53", "23": "39", "14": "29", "17": "25", "20": "22", "16": "18", "18": "14", "19": "10", "13": "10", "3": "7", "2": "7", "1": "5", "4": "3", "11": "2", "9": "2", "5": "2", "12": "1", "6": "1"}}, "Burgers": {"Monday": {"0": "341", "22": "104", "23": "50", "21": "45", "1": "27", "20": "16", "2": "16", "15": "9", "3": "9", "14": "6", "6": "6", "16": "5", "19": "5", "5": "4", "4": "1", "12": "1", "9": "1", "17": "1", "18": "1", "13": "1"}, "Tuesday": {"0": "274", "22": "123", "23": "57", "21": "54", "1": "41", "20": "19", "15": "16", "2": "12", "19": "9", "16": "7", "3": "7", "14": "6", "6": "6", "18": "5", "17": "4", "5": "4", "4": "2", "12": "1", "9": "1", "13": "1"}, "Wednesday": {"0": "279", "22": "128", "21": "55", "23": "53", "1": "41", "20": "20", "15": "14", "2": "12", "19": "8", "3": "8", "16": "7", "14": "6", "6": "6", "18": "4", "5": "4", "17": "3", "4": "2", "12": "1", "9": "1", "13": "1"}, "Thursday": {"0": "275", "22": "120", "23": "59", "21": "56", "1": "44", "20": "22", "15": "14", "2": "12", "18": "9", "3": "8", "19": "8", "14": "6", "6": "6", "16": "5", "5": "4", "13": "3", "4": "2", "17": "2", "9": "1", "12": "1"}, "Friday": {"0": "288", "22": "90", "23": "59", "1": "55", "21": "47", "2": "29", "3": "16", "15": "14", "4": "10", "20": "9", "19": "9", "16": "6", "14": "6", "6": "6", "18": "4", "5": "4", "17": "3", "12": "1", "9": "1", "13": "1"}, "Saturday": {"0": "289", "22": "89", "23": "58", "1": "54", "21": "49", "2": "29", "3": "16", "15": "15", "19": "10", "4": "10", "20": "6", "6": "6", "18": "5", "16": "5", "14": "5", "5": "4", "17": "2", "12": "1", "9": "1"}, "Sunday": {"0": "271", "22": "120", "23": "50", "1": "45", "21": "44", "15": "21", "20": "16", "2": "16", "19": "10", "18": "9", "3": "9", "16": "7", "14": "7", "6": "6", "5": "4", "17": "3", "4": "3", "12": "1", "9": "1"}}, "Pizza": {"Monday": {"0": "253", "22": "136", "21": "89", "23": "57", "20": "31", "2": "20", "1": "12", "4": "10", "17": "7", "3": "6", "5": "5", "18": "3", "16": "3", "15": "2", "6": "2", "14": "2", "19": "1", "9": "1"}, "Tuesday": {"22": "171", "0": "157", "21": "131", "23": "65", "20": "34", "2": "19", "4": "15", "1": "12", "3": "9", "17": "8", "15": "6", "18": "4", "6": "3", "5": "3", "14": "3", "19": "2", "16": "2", "13": "1", "9": "1"}, "Wednesday": {"22": "169", "0": "159", "21": "136", "23": "67", "20": "36", "2": "19", "4": "14", "1": "12", "3": "8", "17": "7", "18": "5", "15": "4", "6": "4", "5": "4", "14": "3", "19": "2", "16": "2", "9": "1"}, "Thursday": {"22": "168", "0": "154", "21": "133", "23": "68", "20": "36", "2": "24", "4": "14", "1": "13", "3": "9", "18": "7", "17": "7", "6": "5", "15": "4", "5": "4", "19": "2", "16": "2", "14": "2", "9": "1"}, "Friday": {"22": "138", "23": "117", "0": "117", "21": "80", "1": "77", "2": "36", "4": "20", "20": "19", "3": "13", "5": "7", "17": "6", "15": "6", "6": "6", "18": "4", "16": "2", "14": "2", "19": "1", "9": "1"}, "Saturday": {"22": "134", "0": "121", "23": "115", "21": "80", "1": "75", "2": "38", "4": "21", "20": "16", "3": "13", "6": "7", "5": "6", "18": "5", "15": "4", "17": "3", "16": "3", "19": "1", "9": "1", "12": "1"}, "Sunday": {"0": "163", "22": "143", "21": "117", "23": "57", "20": "45", "2": "18", "1": "12", "4": "11", "3": "11", "18": "7", "19": "6", "5": "6", "17": "5", "15": "5", "6": "4", "16": "2", "14": "2", "10": "1", "9": "1"}}, "American(New)": {"Monday": {"0": "243", "22": "108", "23": "57", "21": "49", "20": "22", "15": "20", "2": "16", "16": "12", "1": "12", "14": "11", "6": "10", "3": "8", "19": "7", "18": "6", "17": "5", "5": "4", "13": "3", "4": "3", "9": "2", "12": "1", "11": "1"}, "Tuesday": {"0": "161", "22": "134", "23": "66", "21": "65", "20": "33", "15": "27", "2": "18", "1": "16", "19": "16", "16": "14", "14": "10", "6": "10", "18": "9", "3": "8", "17": "7", "4": "5", "13": "3", "5": "3", "9": "2", "12": "1", "11": "1"}, "Wednesday": {"0": "159", "22": "145", "23": "68", "21": "65", "20": "35", "15": "26", "2": "17", "19": "16", "1": "15", "16": "13", "14": "11", "6": "11", "3": "10", "17": "7", "18": "6", "5": "5", "4": "4", "13": "3", "9": "2", "12": "1", "11": "1"}, "Thursday": {"0": "162", "22": "137", "23": "73", "21": "65", "20": "41", "15": "21", "19": "19", "2": "18", "1": "15", "16": "13", "14": "12", "6": "11", "3": "10", "18": "8", "17": "5", "5": "5", "13": "3", "4": "3", "9": "2", "12": "1", "11": "1"}, "Friday": {"0": "182", "22": "104", "23": "84", "21": "51", "1": "34", "20": "29", "15": "21", "2": "19", "19": "17", "3": "16", "16": "13", "14": "12", "6": "11", "4": "11", "18": "8", "17": "5", "5": "5", "13": "2", "9": "2", "12": "2", "11": "1"}, "Saturday": {"0": "183", "22": "101", "23": "84", "21": "50", "1": "34", "20": "27", "2": "22", "15": "20", "16": "14", "3": "13", "4": "12", "14": "12", "6": "11", "18": "10", "19": "9", "17": "5", "5": "5", "12": "3", "9": "2"}, "Sunday": {"0": "163", "22": "120", "23": "62", "21": "54", "15": "26", "2": "19", "20": "18", "16": "18", "1": "17", "14": "14", "19": "14", "6": "10", "18": "9", "17": "9", "3": "7", "5": "5", "4": "4", "11": "2", "9": "2", "13": "2", "12": "1"}}, "Chinese": {"Monday": {"21": "140", "22": "134", "0": "61", "23": "37", "1": "15", "20": "11", "2": "11", "3": "6", "19": "3", "6": "3", "18": "1", "17": "1", "14": "1", "7": "1", "5": "1", "4": "1", "12": "1"}, "Tuesday": {"21": "151", "22": "145", "23": "38", "0": "36", "20": "14", "1": "13", "2": "12", "3": "6", "19": "4", "6": "3", "15": "2", "4": "2", "14": "2", "18": "1", "16": "1", "7": "1", "5": "1"}, "Wednesday": {"21": "154", "22": "149", "23": "40", "0": "36", "20": "14", "1": "14", "2": "12", "3": "6", "19": "4", "6": "3", "15": "2", "14": "2", "4": "2", "18": "1", "7": "1", "5": "1"}, "Thursday": {"21": "153", "22": "148", "23": "39", "0": "38", "1": "13", "20": "12", "2": "12", "3": "7", "19": "4", "4": "4", "6": "3", "16": "2", "15": "2", "18": "1", "17": "1", "7": "1", "5": "1", "14": "1"}, "Friday": {"22": "197", "21": "79", "0": "46", "23": "45", "1": "20", "2": "16", "20": "13", "3": "8", "19": "4", "6": "3", "4": "3", "15": "2", "5": "2", "14": "2", "18": "1", "16": "1", "7": "1"}, "Saturday": {"22": "193", "21": "78", "23": "46", "0": "44", "1": "21", "2": "16", "20": "13", "3": "7", "19": "4", "15": "3", "6": "3", "4": "3", "18": "2", "16": "2", "5": "2", "7": "1", "14": "1"}, "Sunday": {"21": "142", "22": "132", "23": "42", "0": "38", "1": "16", "20": "11", "2": "8", "3": "6", "19": "3", "18": "3", "6": "3", "4": "3", "16": "2", "5": "2", "7": "1"}}}