{"FastFood": {"burger": 0.995, "customer services": 0.881, "fry": 0.846, "first time": 0.685, "time": 0.617, "location": 0.615, "chili cheese fry": 0.587, "red rock": 0.587, "menu": 0.587, "strip": 0.579}, "Nightlife": {"first time": 0.996, "menu": 0.942, "happy hours": 0.766, "services": 0.701, "server": 0.697, "meal": 0.573, "table": 0.548, "friend": 0.527, "time": 0.483, "burger": 0.467}, "Bars": {"drink": 0.995, "server": 0.849, "services": 0.809, "great services": 0.77, "sushi": 0.691, "burger": 0.685, "customer services": 0.674, "menu": 0.638, "appetizers": 0.624, "first time": 0.578}, "American(Traditional)": {"burger": 0.995, "drink": 0.811, "large party": 0.81, "menu": 0.798, "breakfast": 0.797, "corned beef hash": 0.759, "dessert": 0.739, "waiter": 0.722, "services": 0.714, "prime rib": 0.709}, "Mexican": {"salsa": 0.996, "taco": 0.926, "drink": 0.61, "services": 0.59, "chip": 0.556, "first time": 0.551, "street taco": 0.551, "meal": 0.541, "server": 0.492, "fish taco": 0.472}, "Sandwiches": {"sandwich": 0.997, "next time": 0.551, "customer services": 0.482, "time": 0.413, "buffet": 0.399, "cashiers": 0.326, "free breakfast sandwich": 0.31, "port of sub": 0.31, "breakfast": 0.31, "burger": 0.28}, "Breakfast&Brunch": {"french toast": 0.995, "services": 0.881, "waffle": 0.842, "first time": 0.796, "server": 0.764, "buffet": 0.732, "meal": 0.714, "egg": 0.661, "breakfast": 0.643, "everything": 0.622}, "Burgers": {"burger": 0.998, "fry": 0.478, "server": 0.447, "sweet potato fry": 0.424, "menu": 0.369, "onion ring": 0.363, "services": 0.351, "meal": 0.326, "sticky toffee pudding": 0.303, "minutes": 0.268}, "Pizza": {"pizza": 0.999, "first time": 0.231, "white pizza": 0.231, "next time": 0.205, "last night": 0.205, "crust": 0.2, "sauce": 0.196, "slice of pizza": 0.192, "time": 0.185, "best pizza": 0.18}, "American(New)": {"services": 0.995, "menu": 0.994, "server": 0.989, "burger": 0.958, "drink": 0.927, "burger bar": 0.87, "great services": 0.87, "meal": 0.845, "fried chicken": 0.761, "happy hours": 0.761}, "Chinese": {"fried rice": 0.996, "dim sum": 0.92, "first time": 0.843, "noodles": 0.749, "services": 0.621, "dish": 0.62, "good services": 0.46, "mongolian beef": 0.46, "everything": 0.447, "price": 0.433}}