{"FastFood": {"1.0": "821", "2.0": "111", "3.0": "1"}, "Nightlife": {"1.0": "104", "2.0": "664", "3.0": "97", "4.0": "30"}, "Bars": {"1.0": "217", "2.0": "916", "3.0": "112", "4.0": "33"}, "American(Traditional)": {"1.0": "236", "2.0": "536", "3.0": "36", "4.0": "10"}, "Mexican": {"1.0": "467", "2.0": "230", "3.0": "9", "4.0": "1"}, "Sandwiches": {"1.0": "465", "2.0": "258", "3.0": "4"}, "Breakfast&Brunch": {"1.0": "236", "2.0": "370", "3.0": "24", "4.0": "1"}, "Burgers": {"1.0": "371", "2.0": "254", "3.0": "2", "4.0": "3"}, "Pizza": {"1.0": "258", "2.0": "327", "3.0": "5", "4.0": "1"}, "American(New)": {"1.0": "112", "2.0": "418", "3.0": "62", "4.0": "23"}}