{"FastFood": {"burger": "[Neutral: 0.493]", "customer services": "[Negative: 0.87]", "fry": "[Neutral: 0.709]", "first time": "[Neutral: 0.53]", "time": "[Positive: 0.796]", "location": "[Neutral: 0.72]", "chili cheese fry": "[Neutral: 0.772]", "red rock": "[Positive: 0.628]", "menu": "[Neutral: 0.623]", "strip": "[Positive: 0.664]"}, "Nightlife": {"first time": "[Neutral: 0.53]", "menu": "[Neutral: 0.623]", "happy hours": "[Positive: 0.962]", "services": "[Neutral: 0.473]", "server": "[Negative: 0.641]", "meal": "[Positive: 0.405]", "table": "[Neutral: 0.866]", "friend": "[Positive: 0.728]", "time": "[Positive: 0.796]", "burger": "[Neutral: 0.493]"}, "Bars": {"drink": "[Negative: 0.44]", "server": "[Negative: 0.641]", "services": "[Neutral: 0.473]", "great services": "[Positive: 0.984]", "sushi": "[Positive: 0.811]", "burger": "[Neutral: 0.493]", "customer services": "[Negative: 0.87]", "menu": "[Neutral: 0.623]", "appetizers": "[Neutral: 0.572]", "first time": "[Neutral: 0.53]"}, "American(Traditional)": {"burger": "[Neutral: 0.493]", "drink": "[Negative: 0.44]", "large party": "[Positive: 0.724]", "menu": "[Neutral: 0.623]", "breakfast": "[Neutral: 0.853]", "corned beef hash": "[Neutral: 0.58]", "dessert": "[Positive: 0.769]", "waiter": "[Neutral: 0.574]", "services": "[Neutral: 0.473]", "prime rib": "[Positive: 0.58]"}, "Mexican": {"salsa": "[Neutral: 0.888]", "taco": "[Neutral: 0.642]", "drink": "[Negative: 0.44]", "services": "[Neutral: 0.473]", "chip": "[Neutral: 0.893]", "first time": "[Neutral: 0.53]", "street taco": "[Neutral: 0.742]", "meal": "[Positive: 0.405]", "server": "[Negative: 0.641]", "fish taco": "[Neutral: 0.61]"}, "Sandwiches": {"sandwich": "[Negative: 0.669]", "next time": "[Neutral: 0.85]", "customer services": "[Negative: 0.87]", "time": "[Positive: 0.796]", "buffet": "[Negative: 0.827]", "cashiers": "[Neutral: 0.707]", "free breakfast sandwich": "[Positive: 0.636]", "port of sub": "[Neutral: 0.509]", "breakfast": "[Neutral: 0.853]", "burger": "[Neutral: 0.493]"}, "Breakfast&Brunch": {"french toast": "[Neutral: 0.781]", "services": "[Neutral: 0.473]", "waffle": "[Neutral: 0.377]", "first time": "[Neutral: 0.53]", "server": "[Negative: 0.641]", "buffet": "[Negative: 0.827]", "meal": "[Positive: 0.405]", "egg": "[Neutral: 0.794]", "breakfast": "[Neutral: 0.853]", "everything": "[Neutral: 0.67]"}, "Burgers": {"burger": "[Neutral: 0.493]", "fry": "[Neutral: 0.709]", "server": "[Negative: 0.641]", "sweet potato fry": "[Positive: 0.936]", "menu": "[Neutral: 0.623]", "onion ring": "[Neutral: 0.603]", "services": "[Neutral: 0.473]", "meal": "[Positive: 0.405]", "sticky toffee pudding": "[Negative: 0.479]", "minutes": "[Negative: 0.714]"}, "Pizza": {"pizza": "[Neutral: 0.817]", "first time": "[Neutral: 0.53]", "white pizza": "[Neutral: 0.926]", "next time": "[Neutral: 0.85]", "last night": "[Neutral: 0.723]", "crust": "[Negative: 0.504]", "sauce": "[Positive: 0.714]", "slice of pizza": "[Neutral: 0.891]", "time": "[Positive: 0.796]", "best pizza": "[Positive: 0.995]"}, "American(New)": {"services": "[Neutral: 0.473]", "menu": "[Neutral: 0.623]", "server": "[Negative: 0.641]", "burger": "[Neutral: 0.493]", "drink": "[Negative: 0.44]", "burger bar": "[Neutral: 0.649]", "great services": "[Positive: 0.984]", "meal": "[Positive: 0.405]", "fried chicken": "[Neutral: 0.677]", "happy hours": "[Positive: 0.962]"}, "Chinese": {"fried rice": "[Positive: 0.782]", "dim sum": "[Negative: 0.978]", "first time": "[Neutral: 0.53]", "noodles": "[Neutral: 0.67]", "services": "[Neutral: 0.473]", "dish": "[Neutral: 0.541]", "good services": "[Positive: 0.958]", "mongolian beef": "[Neutral: 0.562]", "everything": "[Neutral: 0.67]", "price": "[Positive: 0.566]"}}