{"FastFood": [{"name": "Red Rock Casino Resort And Spa", "link": "https://www.yelp.com/biz/RhEvP5flF6KoPriMHmVYGg", "price": 2, "stars": 3, "review count": 1881, "hours": {"Monday": "0:0-0:0", "Tuesday": "0:0-0:0", "Wednesday": "0:0-0:0", "Thursday": "0:0-0:0", "Friday": "0:0-0:0", "Saturday": "0:0-0:0", "Sunday": "0:0-0:0"}}, {"name": "White Castle", "link": "https://www.yelp.com/biz/dKdApYVFDSNYsNOso6NYlA", "price": 1, "stars": 3, "review count": 1374, "hours": {"Monday": "0:0-0:0", "Tuesday": "0:0-0:0", "Wednesday": "0:0-0:0", "Thursday": "0:0-0:0", "Friday": "0:0-0:0", "Saturday": "0:0-0:0", "Sunday": "0:0-0:0"}}, {"name": "In-N-Out Burger", "link": "https://www.yelp.com/biz/nVAJZ6BJ9PPlxDXn976R6A", "price": 1, "stars": 4, "review count": 1164, "hours": {"Monday": "0:0-0:0", "Tuesday": "10:30-1:0", "Wednesday": "10:30-1:0", "Thursday": "10:30-1:0", "Friday": "10:30-1:30", "Saturday": "10:30-1:30", "Sunday": "10:30-1:0"}}], "Nightlife": [{"name": "Yardbird Southern Table & Bar", "link": "https://www.yelp.com/biz/faPVqws-x-5k2CQKDNtHxw", "price": 2, "stars": 4, "review count": 4828, "hours": {"Monday": "0:0-0:0", "Tuesday": "11:0-23:0", "Wednesday": "11:0-23:0", "Thursday": "11:0-23:0", "Friday": "11:0-0:0", "Saturday": "10:0-0:0", "Sunday": "10:0-23:0"}}, {"name": "Luxor Hotel and Casino Las Vegas", "link": "https://www.yelp.com/biz/AV6weBrZFFBfRGCbcRGO4g", "price": 2, "stars": 2, "review count": 4670, "hours": {"Monday": "0:0-0:0", "Tuesday": "0:0-0:0", "Wednesday": "0:0-0:0", "Thursday": "0:0-0:0", "Friday": "0:0-0:0", "Saturday": "0:0-0:0", "Sunday": "0:0-0:0"}}, {"name": "Bouchon", "link": "https://www.yelp.com/biz/rcaPajgKOJC2vo_l3xa42A", "price": 3, "stars": 4, "review count": 4138, "hours": {"Monday": "17:0-22:0", "Tuesday": "17:0-22:0", "Wednesday": "17:0-22:0", "Thursday": "17:0-22:0", "Friday": "17:0-22:0", "Saturday": "17:0-22:0", "Sunday": "17:0-22:0"}}], "Bars": [{"name": "Yardbird Southern Table & Bar", "link": "https://www.yelp.com/biz/faPVqws-x-5k2CQKDNtHxw", "price": 2, "stars": 4, "review count": 4828, "hours": {"Monday": "0:0-0:0", "Tuesday": "11:0-23:0", "Wednesday": "11:0-23:0", "Thursday": "11:0-23:0", "Friday": "11:0-0:0", "Saturday": "10:0-0:0", "Sunday": "10:0-23:0"}}, {"name": "Bouchon", "link": "https://www.yelp.com/biz/rcaPajgKOJC2vo_l3xa42A", "price": 3, "stars": 4, "review count": 4138, "hours": {"Monday": "17:0-22:0", "Tuesday": "17:0-22:0", "Wednesday": "17:0-22:0", "Thursday": "17:0-22:0", "Friday": "17:0-22:0", "Saturday": "17:0-22:0", "Sunday": "17:0-22:0"}}, {"name": "Gordon Ramsay Pub & Grill", "link": "https://www.yelp.com/biz/YJ8ljUhLsz6CtT_2ORNFmg", "price": 3, "stars": 3, "review count": 4019, "hours": {"Monday": "11:0-23:30", "Tuesday": "11:0-23:30", "Wednesday": "11:0-23:30", "Thursday": "11:0-23:30", "Friday": "11:0-0:0", "Saturday": "11:0-0:0", "Sunday": "11:0-23:30"}}], "American(Traditional)": [{"name": "Gordon Ramsay BurGR", "link": "https://www.yelp.com/biz/cYwJA2A6I12KNkm2rtXd5g", "price": 2, "stars": 4, "review count": 5494, "hours": {"Monday": "11:0-0:0", "Tuesday": "11:0-0:0", "Wednesday": "11:0-0:0", "Thursday": "11:0-0:0", "Friday": "11:0-2:0", "Saturday": "11:0-2:0", "Sunday": "11:0-0:0"}}, {"name": "Nacho Daddy", "link": "https://www.yelp.com/biz/QXV3L_QFGj8r6nWX2kS2hA", "price": 2, "stars": 4, "review count": 4276, "hours": {"Monday": "10:30-2:0", "Tuesday": "8:0-2:0", "Wednesday": "8:0-2:0", "Thursday": "8:0-3:0", "Friday": "8:0-3:0", "Saturday": "0:0-0:0", "Sunday": "8:0-21:0"}}, {"name": "Egg & I", "link": "https://www.yelp.com/biz/3kdSl5mo9dWC4clrQjEDGg", "price": 2, "stars": 4, "review count": 4048, "hours": {"Monday": "0:0-0:0", "Tuesday": "6:0-15:0", "Wednesday": "6:0-15:0", "Thursday": "6:0-15:0", "Friday": "6:0-15:0", "Saturday": "6:0-15:0", "Sunday": "6:0-15:0"}}], "Mexican": [{"name": "Nacho Daddy", "link": "https://www.yelp.com/biz/QXV3L_QFGj8r6nWX2kS2hA", "price": 2, "stars": 4, "review count": 4276, "hours": {"Monday": "10:30-2:0", "Tuesday": "8:0-2:0", "Wednesday": "8:0-2:0", "Thursday": "8:0-3:0", "Friday": "8:0-3:0", "Saturday": "0:0-0:0", "Sunday": "8:0-21:0"}}, {"name": "Tacos El Gordo", "link": "https://www.yelp.com/biz/RwMLuOkImBIqqYj4SSKSPg", "price": 1, "stars": 4, "review count": 4016, "hours": {"Monday": "10:0-5:0", "Tuesday": "10:0-2:0", "Wednesday": "10:0-2:0", "Thursday": "10:0-2:0", "Friday": "10:0-5:0", "Saturday": "10:0-5:0", "Sunday": "10:0-5:0"}}, {"name": "El Dorado Cantina", "link": "https://www.yelp.com/biz/JDZ6_yycNQFTpUZzLIKHUg", "price": 2, "stars": 4, "review count": 3928, "hours": {"Monday": "0:0-0:0", "Tuesday": "0:0-0:0", "Wednesday": "0:0-0:0", "Thursday": "0:0-0:0", "Friday": "0:0-0:0", "Saturday": "0:0-0:0", "Sunday": "0:0-0:0"}}], "Sandwiches": [{"name": "Bacchanal Buffet", "link": "https://www.yelp.com/biz/RESDUcs7fIiihp38-d6_6g", "price": 3, "stars": 4, "review count": 10129, "hours": {"Monday": "7:30-22:0", "Tuesday": "7:30-22:0", "Wednesday": "7:30-22:0", "Thursday": "7:30-22:0", "Friday": "7:30-22:0", "Saturday": "8:0-22:0", "Sunday": "8:0-22:0"}}, {"name": "Earl of Sandwich", "link": "https://www.yelp.com/biz/DkYS3arLOhA8si5uUEmHOw", "price": 1, "stars": 4, "review count": 5232, "hours": {"Monday": "0:0-0:0", "Tuesday": "0:0-0:0", "Wednesday": "0:0-0:0", "Thursday": "0:0-0:0", "Friday": "0:0-0:0", "Saturday": "0:0-0:0", "Sunday": "0:0-0:0"}}, {"name": "Egg & I", "link": "https://www.yelp.com/biz/3kdSl5mo9dWC4clrQjEDGg", "price": 2, "stars": 4, "review count": 4048, "hours": {"Monday": "0:0-0:0", "Tuesday": "6:0-15:0", "Wednesday": "6:0-15:0", "Thursday": "6:0-15:0", "Friday": "6:0-15:0", "Saturday": "6:0-15:0", "Sunday": "6:0-15:0"}}], "Breakfast&Brunch": [{"name": "Bacchanal Buffet", "link": "https://www.yelp.com/biz/RESDUcs7fIiihp38-d6_6g", "price": 3, "stars": 4, "review count": 10129, "hours": {"Monday": "7:30-22:0", "Tuesday": "7:30-22:0", "Wednesday": "7:30-22:0", "Thursday": "7:30-22:0", "Friday": "7:30-22:0", "Saturday": "8:0-22:0", "Sunday": "8:0-22:0"}}, {"name": "Mon Ami Gabi", "link": "https://www.yelp.com/biz/4JNXUYY8wbaaDmk3BPzlWw", "price": 2, "stars": 4, "review count": 9264, "hours": {"Monday": "7:0-23:0", "Tuesday": "7:0-23:0", "Wednesday": "7:0-23:0", "Thursday": "7:0-23:0", "Friday": "7:0-0:0", "Saturday": "7:0-0:0", "Sunday": "7:0-23:0"}}, {"name": "Wicked Spoon", "link": "https://www.yelp.com/biz/K7lWdNUhCbcnEvI0NhGewg", "price": 3, "stars": 3, "review count": 7383, "hours": {"Monday": "8:0-21:0", "Tuesday": "8:0-21:0", "Wednesday": "8:0-21:0", "Thursday": "8:0-21:0", "Friday": "8:0-22:0", "Saturday": "8:0-22:0", "Sunday": "8:0-21:0"}}], "Burgers": [{"name": "Gordon Ramsay BurGR", "link": "https://www.yelp.com/biz/cYwJA2A6I12KNkm2rtXd5g", "price": 2, "stars": 4, "review count": 5494, "hours": {"Monday": "11:0-0:0", "Tuesday": "11:0-0:0", "Wednesday": "11:0-0:0", "Thursday": "11:0-0:0", "Friday": "11:0-2:0", "Saturday": "11:0-2:0", "Sunday": "11:0-0:0"}}, {"name": "Gordon Ramsay Hell's Kitchen", "link": "https://www.yelp.com/biz/vHz2RLtfUMVRPFmd7VBEHA", "price": 3, "stars": 4, "review count": 4672, "hours": {"Monday": "11:0-0:0", "Tuesday": "11:0-0:0", "Wednesday": "11:0-0:0", "Thursday": "11:0-0:0", "Friday": "11:0-0:0", "Saturday": "11:0-0:0", "Sunday": "11:0-0:0"}}, {"name": "Egg & I", "link": "https://www.yelp.com/biz/3kdSl5mo9dWC4clrQjEDGg", "price": 2, "stars": 4, "review count": 4048, "hours": {"Monday": "0:0-0:0", "Tuesday": "6:0-15:0", "Wednesday": "6:0-15:0", "Thursday": "6:0-15:0", "Friday": "6:0-15:0", "Saturday": "6:0-15:0", "Sunday": "6:0-15:0"}}], "Pizza": [{"name": "Secret Pizza", "link": "https://www.yelp.com/biz/iCQpiavjjPzJ5_3gPD5Ebg", "price": 1, "stars": 4, "review count": 4803, "hours": {"Monday": "11:0-5:0", "Tuesday": "11:0-4:0", "Wednesday": "11:0-4:0", "Thursday": "11:0-4:0", "Friday": "11:0-5:0", "Saturday": "11:0-5:0", "Sunday": "11:0-5:0"}}, {"name": "Egg & I", "link": "https://www.yelp.com/biz/3kdSl5mo9dWC4clrQjEDGg", "price": 2, "stars": 4, "review count": 4048, "hours": {"Monday": "0:0-0:0", "Tuesday": "6:0-15:0", "Wednesday": "6:0-15:0", "Thursday": "6:0-15:0", "Friday": "6:0-15:0", "Saturday": "6:0-15:0", "Sunday": "6:0-15:0"}}, {"name": "Pizza Rock", "link": "https://www.yelp.com/biz/3GEEy7RP6e4bT4LAiWFMFQ", "price": 2, "stars": 4, "review count": 2427, "hours": {"Monday": "11:0-0:0", "Tuesday": "11:0-0:0", "Wednesday": "11:0-0:0", "Thursday": "11:0-0:0", "Friday": "11:0-2:0", "Saturday": "11:0-2:0", "Sunday": "10:0-0:0"}}], "American(New)": [{"name": "Hash House A Go Go", "link": "https://www.yelp.com/biz/f4x1YBxkLrZg652xt2KR5g", "price": 2, "stars": 4, "review count": 6751, "hours": {"Monday": "0:0-0:0", "Tuesday": "0:0-0:0", "Wednesday": "0:0-0:0", "Thursday": "0:0-0:0", "Friday": "0:0-0:0", "Saturday": "0:0-0:0", "Sunday": "0:0-0:0"}}, {"name": "Earl of Sandwich", "link": "https://www.yelp.com/biz/DkYS3arLOhA8si5uUEmHOw", "price": 1, "stars": 4, "review count": 5232, "hours": {"Monday": "0:0-0:0", "Tuesday": "0:0-0:0", "Wednesday": "0:0-0:0", "Thursday": "0:0-0:0", "Friday": "0:0-0:0", "Saturday": "0:0-0:0", "Sunday": "0:0-0:0"}}, {"name": "Yardbird Southern Table & Bar", "link": "https://www.yelp.com/biz/faPVqws-x-5k2CQKDNtHxw", "price": 2, "stars": 4, "review count": 4828, "hours": {"Monday": "0:0-0:0", "Tuesday": "11:0-23:0", "Wednesday": "11:0-23:0", "Thursday": "11:0-23:0", "Friday": "11:0-0:0", "Saturday": "10:0-0:0", "Sunday": "10:0-23:0"}}], "Chinese": [{"name": "Pho Kim Long", "link": "https://www.yelp.com/biz/yfxDa8RFOvJPQh0rNtakHA", "price": 2, "stars": 3, "review count": 3398, "hours": {"Monday": "0:0-0:0", "Tuesday": "0:0-0:0", "Wednesday": "0:0-0:0", "Thursday": "0:0-0:0", "Friday": "0:0-0:0", "Saturday": "0:0-0:0", "Sunday": "0:0-0:0"}}, {"name": "SUSHISAMBA - Las Vegas", "link": "https://www.yelp.com/biz/pH0BLkL4cbxKzu471VZnuA", "price": 3, "stars": 4, "review count": 2636, "hours": {"Monday": "11:30-1:0", "Tuesday": "11:30-1:0", "Wednesday": "11:30-1:0", "Thursday": "11:30-1:0", "Friday": "11:30-2:0", "Saturday": "11:30-2:0", "Sunday": "11:30-1:0"}}, {"name": "Hakkasan Nightclub", "link": "https://www.yelp.com/biz/X8c23dur0ll2D9XTu-I8Qg", "price": 3, "stars": 2, "review count": 1914, "hours": {"Thursday": "22:30-4:0", "Friday": "22:30-4:0", "Saturday": "22:30-4:0", "Sunday": "22:30-4:0"}}]}