{"FastFood": {"Monday": "11:00 p.m.", "Tuesday": "11:00 p.m.", "Wednesday": "11:00 p.m.", "Thursday": "11:00 p.m.", "Friday": "11:00 p.m.", "Saturday": "11:00 p.m.", "Sunday": "11:00 p.m."}, "Nightlife": {"Monday": "11:00 p.m.", "Tuesday": "11:00 p.m.", "Wednesday": "11:00 p.m.", "Thursday": "11:00 p.m.", "Friday": "11:00 p.m.", "Saturday": "11:00 p.m.", "Sunday": "11:00 p.m."}, "Bars": {"Monday": "11:00 p.m.", "Tuesday": "11:00 p.m.", "Wednesday": "11:00 p.m.", "Thursday": "11:00 p.m.", "Friday": "11:00 p.m.", "Saturday": "11:00 p.m.", "Sunday": "11:00 p.m."}, "American(Traditional)": {"Monday": "11:00 p.m.", "Tuesday": "11:00 p.m.", "Wednesday": "11:00 p.m.", "Thursday": "11:00 p.m.", "Friday": "11:00 p.m.", "Saturday": "11:00 p.m.", "Sunday": "11:00 p.m."}, "Mexican": {"Monday": "11:00 p.m.", "Tuesday": "11:00 p.m.", "Wednesday": "12:00 a.m.", "Thursday": "10:00 p.m.", "Friday": "11:00 p.m.", "Saturday": "11:00 p.m.", "Sunday": "11:00 p.m."}, "Sandwiches": {"Monday": "10:00 p.m.", "Tuesday": "10:00 p.m.", "Wednesday": "12:00 a.m.", "Thursday": "12:00 a.m.", "Friday": "12:00 a.m.", "Saturday": "12:00 a.m.", "Sunday": "10:00 p.m."}, "Breakfast&Brunch": {"Monday": "11:00 p.m.", "Tuesday": "11:00 p.m.", "Wednesday": "11:00 p.m.", "Thursday": "11:00 p.m.", "Friday": "11:00 p.m.", "Saturday": "11:00 p.m.", "Sunday": "3:00 p.m."}, "Burgers": {"Monday": "11:00 p.m.", "Tuesday": "11:00 p.m.", "Wednesday": "11:00 p.m.", "Thursday": "11:00 p.m.", "Friday": "11:00 p.m.", "Saturday": "11:00 p.m.", "Sunday": "11:00 p.m."}, "Pizza": {"Monday": "11:00 p.m.", "Tuesday": "12:00 a.m.", "Wednesday": "12:00 a.m.", "Thursday": "12:00 a.m.", "Friday": "12:00 p.m.", "Saturday": "12:00 a.m.", "Sunday": "11:00 p.m."}, "American(New)": {"Monday": "11:00 p.m.", "Tuesday": "11:00 p.m.", "Wednesday": "11:00 p.m.", "Thursday": "11:00 p.m.", "Friday": "11:00 p.m.", "Saturday": "11:00 p.m.", "Sunday": "11:00 p.m."}}