{"FastFood": {"Monday": "10:00 a.m.", "Tuesday": "12:00 a.m.", "Wednesday": "12:00 a.m.", "Thursday": "12:00 a.m.", "Friday": "12:00 a.m.", "Saturday": "12:00 a.m.", "Sunday": "12:00 a.m."}, "Nightlife": {"Monday": "11:00 a.m.", "Tuesday": "12:00 a.m.", "Wednesday": "12:00 a.m.", "Thursday": "12:00 a.m.", "Friday": "12:00 a.m.", "Saturday": "11:00 a.m.", "Sunday": "11:00 a.m."}, "Bars": {"Monday": "11:00 a.m.", "Tuesday": "12:00 a.m.", "Wednesday": "12:00 a.m.", "Thursday": "12:00 a.m.", "Friday": "12:00 a.m.", "Saturday": "12:00 a.m.", "Sunday": "12:00 a.m."}, "American(Traditional)": {"Monday": "11:00 a.m.", "Tuesday": "11:00 a.m.", "Wednesday": "11:00 a.m.", "Thursday": "11:00 a.m.", "Friday": "11:00 a.m.", "Saturday": "11:00 a.m.", "Sunday": "11:00 a.m."}, "Mexican": {"Monday": "10:00 a.m.", "Tuesday": "12:00 a.m.", "Wednesday": "12:00 a.m.", "Thursday": "12:00 a.m.", "Friday": "12:00 a.m.", "Saturday": "12:00 a.m.", "Sunday": "12:00 a.m."}, "Sandwiches": {"Monday": "10:00 a.m.", "Tuesday": "11:00 a.m.", "Wednesday": "11:00 a.m.", "Thursday": "11:00 a.m.", "Friday": "11:00 a.m.", "Saturday": "11:00 a.m.", "Sunday": "11:00 a.m."}, "Breakfast&Brunch": {"Monday": "7:00 a.m.", "Tuesday": "7:00 a.m.", "Wednesday": "7:00 a.m.", "Thursday": "7:00 a.m.", "Friday": "7:00 a.m.", "Saturday": "7:00 a.m.", "Sunday": "7:00 a.m."}, "Burgers": {"Monday": "11:00 a.m.", "Tuesday": "11:00 a.m.", "Wednesday": "11:00 a.m.", "Thursday": "11:00 a.m.", "Friday": "11:00 a.m.", "Saturday": "11:00 a.m.", "Sunday": "11:00 a.m."}, "Pizza": {"Monday": "10:00 a.m.", "Tuesday": "10:00 a.m.", "Wednesday": "10:00 a.m.", "Thursday": "10:00 a.m.", "Friday": "10:00 a.m.", "Saturday": "10:00 a.m.", "Sunday": "10:00 a.m."}, "American(New)": {"Monday": "11:00 a.m.", "Tuesday": "12:00 a.m.", "Wednesday": "12:00 a.m.", "Thursday": "12:00 a.m.", "Friday": "12:00 a.m.", "Saturday": "12:00 a.m.", "Sunday": "12:00 a.m."}}