{"FastFood": {"Monday": 22, "Tuesday": 22, "Wednesday": 22, "Thursday": 22, "Friday": 22, "Saturday": 22, "Sunday": 22}, "Nightlife": {"Monday": 22, "Tuesday": 22, "Wednesday": 22, "Thursday": 22, "Friday": 22, "Saturday": 22, "Sunday": 22}, "Bars": {"Monday": 22, "Tuesday": 22, "Wednesday": 22, "Thursday": 22, "Friday": 22, "Saturday": 22, "Sunday": 22}, "American(Traditional)": {"Monday": 22, "Tuesday": 22, "Wednesday": 22, "Thursday": 22, "Friday": 22, "Saturday": 22, "Sunday": 22}, "Mexican": {"Monday": 22, "Tuesday": 22, "Wednesday": 0, "Thursday": 21, "Friday": 22, "Saturday": 22, "Sunday": 22}, "Sandwiches": {"Monday": 21, "Tuesday": 21, "Wednesday": 0, "Thursday": 0, "Friday": 0, "Saturday": 0, "Sunday": 21}, "Breakfast&Brunch": {"Monday": 22, "Tuesday": 22, "Wednesday": 22, "Thursday": 22, "Friday": 22, "Saturday": 22, "Sunday": 15}, "Burgers": {"Monday": 22, "Tuesday": 22, "Wednesday": 22, "Thursday": 22, "Friday": 22, "Saturday": 22, "Sunday": 22}, "Pizza": {"Monday": 22, "Tuesday": 0, "Wednesday": 0, "Thursday": 0, "Friday": 23, "Saturday": 0, "Sunday": 22}, "American(New)": {"Monday": 22, "Tuesday": 22, "Wednesday": 22, "Thursday": 22, "Friday": 22, "Saturday": 22, "Sunday": 22}}