{"FastFood": {"Monday": 10, "Tuesday": 0, "Wednesday": 0, "Thursday": 0, "Friday": 0, "Saturday": 0, "Sunday": 0}, "Nightlife": {"Monday": 11, "Tuesday": 0, "Wednesday": 0, "Thursday": 0, "Friday": 0, "Saturday": 11, "Sunday": 11}, "Bars": {"Monday": 11, "Tuesday": 0, "Wednesday": 0, "Thursday": 0, "Friday": 0, "Saturday": 0, "Sunday": 0}, "American(Traditional)": {"Monday": 11, "Tuesday": 11, "Wednesday": 11, "Thursday": 11, "Friday": 11, "Saturday": 11, "Sunday": 11}, "Mexican": {"Monday": 10, "Tuesday": 0, "Wednesday": 0, "Thursday": 0, "Friday": 0, "Saturday": 0, "Sunday": 0}, "Sandwiches": {"Monday": 10, "Tuesday": 11, "Wednesday": 11, "Thursday": 11, "Friday": 11, "Saturday": 11, "Sunday": 11}, "Breakfast&Brunch": {"Monday": 7, "Tuesday": 7, "Wednesday": 7, "Thursday": 7, "Friday": 7, "Saturday": 7, "Sunday": 7}, "Burgers": {"Monday": 11, "Tuesday": 11, "Wednesday": 11, "Thursday": 11, "Friday": 11, "Saturday": 11, "Sunday": 11}, "Pizza": {"Monday": 10, "Tuesday": 10, "Wednesday": 10, "Thursday": 10, "Friday": 10, "Saturday": 10, "Sunday": 10}, "American(New)": {"Monday": 11, "Tuesday": 0, "Wednesday": 0, "Thursday": 0, "Friday": 0, "Saturday": 0, "Sunday": 0}}